npy,label,split,marco,x0,y0,x1,y1,fps,clip_origen
L48__01-07-15-35-57 camara 1 - 57-556.npy,48,train,1.048,830,114,1021,305,8,01-07-15-35-57 camara 1 - 57-556.mp4
L48__01-07-15-36-16 camara 1 - 16-963.npy,48,train,1.032,831,115,1023,307,8,01-07-15-36-16 camara 1 - 16-963.mp4
L48__01-07-15-36-23 camara 1 - 23-408.npy,48,train,1.053,830,116,1029,315,8,01-07-15-36-23 camara 1 - 23-408.mp4
L48__01-07-15-51-42 camara 1 - 42-992.npy,48,train,1.094,806,116,1017,327,8,01-07-15-51-42 camara 1 - 42-992.mp4
L48__01-07-15-51-49 camara 1 - 49-250.npy,48,train,1.088,806,112,1010,316,8,01-07-15-51-49 camara 1 - 49-250.mp4
L48__01-07-15-52-51 camara 1 - 51-707.npy,48,train,1.086,817,107,1018,308,8,01-07-15-52-51 camara 1 - 51-707.mp4
L48__01-07-15-52-57 camara 0 - 57-903.npy,48,train,1.087,626,80,826,280,8,01-07-15-52-57 camara 0 - 57-903.mp4
L48__01-07-15-57-07 camara 0 - 07-728.npy,48,train,1.059,626,78,825,277,8,01-07-15-57-07 camara 0 - 07-728.mp4
L48__01-07-15-57-32 camara 0 - 32-895.npy,48,train,1.098,631,74,834,277,8,01-07-15-57-32 camara 0 - 32-895.mp4
L48__01-07-15-59-07 camara 1 - 07-409.npy,48,train,1.049,848,110,1037,299,8,01-07-15-59-07 camara 1 - 07-409.mp4
L48__01-07-16-00-42 camara 0 - 42-408.npy,48,train,1.076,894,138,1194,438,8,01-07-16-00-42 camara 0 - 42-408.mp4
L48__01-07-16-20-10 camara 3 - 10-020.npy,48,train,1.046,595,98,859,362,8,01-07-16-20-10 camara 3 - 10-020.mp4
L48__01-07-16-24-02 camara 3 - 02-972.npy,48,train,1.024,574,321,1056,803,8,01-07-16-24-02 camara 3 - 02-972.mp4
L48__01-07-16-24-09 camara 0 - 09-198.npy,48,train,1.04,652,93,857,298,8,01-07-16-24-09 camara 0 - 09-198.mp4
L48__01-07-16-24-15 camara 0 - 15-436.npy,48,train,1.013,640,85,853,298,8,01-07-16-24-15 camara 0 - 15-436.mp4
L48__01-07-16-25-17 camara 2 - 17-628.npy,48,train,1.061,539,66,847,374,8,01-07-16-25-17 camara 2 - 17-628.mp4
L48__01-07-16-29-46 camara 2 - 46-542.npy,48,val,1.012,1160,352,1646,838,8,01-07-16-29-46 camara 2 - 46-542.mp4
L48__01-07-16-29-52 camara 0 - 52-951.npy,48,train,1.025,643,92,841,290,8,01-07-16-29-52 camara 0 - 52-951.mp4
L48__01-07-16-29-53 camara 1 - 53-789.npy,48,train,1.085,809,117,1016,324,8,01-07-16-29-53 camara 1 - 53-789.mp4
L48__01-07-16-30-05 camara 3 - 05-542.npy,48,train,1.099,530,338,1079,887,8,01-07-16-30-05 camara 3 - 05-542.mp4
L48__01-07-16-30-11 camara 0 - 11-831.npy,48,train,1.085,638,83,851,296,8,01-07-16-30-11 camara 0 - 11-831.mp4
L48__01-07-16-30-12 camara 1 - 12-608.npy,48,train,1.009,808,123,1001,316,8,01-07-16-30-12 camara 1 - 12-608.mp4
L48__01-07-16-31-02 camara 3 - 02-014.npy,48,train,1.049,426,127,729,430,8,01-07-16-31-02 camara 3 - 02-014.mp4
L48__01-07-16-31-08 camara 1 - 08-329.npy,48,train,1.063,949,211,1277,539,8,01-07-16-31-08 camara 1 - 08-329.mp4
L48__01-07-16-47-20 camara 1 - 20-384.npy,48,train,1.024,749,130,975,356,8,01-07-16-47-20 camara 1 - 20-384.mp4
L48__01-07-17-59-45 camara 1 - 45-868.npy,48,train,1.071,826,113,1031,318,8,01-07-17-59-45 camara 1 - 45-868.mp4
L48__01-07-18-00-04 camara 1 - 04-957.npy,48,val,1.093,803,106,1018,321,8,01-07-18-00-04 camara 1 - 04-957.mp4
L48__01-07-18-07-25 camara 0 - 25-276.npy,48,train,1.031,898,153,1185,440,8,01-07-18-07-25 camara 0 - 25-276.mp4
L48__01-07-18-07-31 camara 0 - 31-499.npy,48,train,1.079,907,158,1204,455,8,01-07-18-07-31 camara 0 - 31-499.mp4
L48__01-07-18-07-50 camara 3 - 50-216.npy,48,val,1.012,330,195,649,514,8,01-07-18-07-50 camara 3 - 50-216.mp4
L48__01-07-18-10-01 camara 1 - 01-022.npy,48,train,1.09,821,105,1026,310,8,01-07-18-10-01 camara 1 - 01-022.mp4
L48__01-07-18-11-16 camara 1 - 16-337.npy,48,train,1.051,823,110,1016,303,8,01-07-18-11-16 camara 1 - 16-337.mp4
L48__01-07-18-12-56 camara 1 - 56-855.npy,48,train,1.096,851,101,1051,301,8,01-07-18-12-56 camara 1 - 56-855.mp4
L48__01-07-18-13-03 camara 1 - 03-222.npy,48,train,1.037,810,109,1012,311,8,01-07-18-13-03 camara 1 - 03-222.mp4
L48__01-07-18-25-39 camara 3 - 39-530.npy,48,train,1.06,293,211,676,594,8,01-07-18-25-39 camara 3 - 39-530.mp4
L48__01-07-18-25-51 camara 1 - 51-851.npy,48,train,1.014,995,155,1222,382,8,01-07-18-25-51 camara 1 - 51-851.mp4
L48__01-07-18-25-52 camara 0 - 52-649.npy,48,train,1.04,861,101,1106,346,8,01-07-18-25-52 camara 0 - 52-649.mp4
L48__01-07-18-27-13 camara 1 - 13-814.npy,48,train,1.07,920,179,1266,525,8,01-07-18-27-13 camara 1 - 13-814.mp4
L48__01-07-18-27-14 camara 0 - 14-608.npy,48,val,1.01,854,140,1124,410,8,01-07-18-27-14 camara 0 - 14-608.mp4
L48__01-07-18-27-20 camara 1 - 20-240.npy,48,train,1.06,960,207,1282,529,8,01-07-18-27-20 camara 1 - 20-240.mp4
L48__01-07-18-27-21 camara 3 - 21-070.npy,48,train,1.095,421,136,767,482,8,01-07-18-27-21 camara 3 - 21-070.mp4
L48__01-07-18-27-32 camara 3 - 32-999.npy,48,train,1.02,335,176,718,559,8,01-07-18-27-32 camara 3 - 32-999.mp4
L48__01-07-18-27-39 camara 3 - 39-218.npy,48,train,1.004,321,197,685,561,8,01-07-18-27-39 camara 3 - 39-218.mp4
L48__01-07-18-27-45 camara 3 - 45-538.npy,48,train,1.064,348,159,712,523,8,01-07-18-27-45 camara 3 - 45-538.mp4
L48__01-07-18-27-51 camara 3 - 51-958.npy,48,train,1.059,412,159,783,530,8,01-07-18-27-51 camara 3 - 51-958.mp4
L48__01-07-18-28-43 camara 3 - 43-333.npy,48,train,1.076,352,129,753,530,8,01-07-18-28-43 camara 3 - 43-333.mp4
L48__01-07-18-29-40 camara 2 - 40-923.npy,48,train,1.096,458,132,898,572,8,01-07-18-29-40 camara 2 - 40-923.mp4
L48__01-07-18-30-06 camara 1 - 06-244.npy,48,train,1.035,820,111,1006,297,8,01-07-18-30-06 camara 1 - 06-244.mp4
L48__01-07-18-30-12 camara 1 - 12-622.npy,48,train,1.095,818,103,1026,311,8,01-07-18-30-12 camara 1 - 12-622.mp4
L48__01-07-18-30-18 camara 0 - 18-953.npy,48,train,1.015,640,79,833,272,8,01-07-18-30-18 camara 0 - 18-953.mp4
L48__01-07-18-35-15 camara 0 - 15-531.npy,48,train,1.047,608,126,894,412,8,01-07-18-35-15 camara 0 - 15-531.mp4
L48__01-07-18-39-40 camara 2 - 40-641.npy,48,val,1.043,505,81,830,406,8,01-07-18-39-40 camara 2 - 40-641.mp4
L48__01-07-18-39-41 camara 3 - 41-519.npy,48,train,1.008,457,113,746,402,8,01-07-18-39-41 camara 3 - 41-519.mp4
L48__01-07-18-45-21 camara 3 - 21-152.npy,48,train,1.051,371,129,730,488,8,01-07-18-45-21 camara 3 - 21-152.mp4
L48__01-07-18-46-52 camara 0 - 52-989.npy,48,train,1.057,636,85,865,314,8,01-07-18-46-52 camara 0 - 52-989.mp4
L48__01-07-18-47-00 camara 3 - 00-242.npy,48,train,1.017,664,138,1103,577,8,01-07-18-47-00 camara 3 - 00-242.mp4
L48__01-07-18-47-35 camara 3 - 35-854.npy,48,train,1.095,444,97,789,442,8,01-07-18-47-35 camara 3 - 35-854.mp4
L48__01-07-18-47-43 camara 2 - 43-284.npy,48,val,1.088,489,65,803,379,8,01-07-18-47-43 camara 2 - 43-284.mp4
L48__01-07-18-47-44 camara 3 - 44-179.npy,48,train,1.059,454,100,736,382,8,01-07-18-47-44 camara 3 - 44-179.mp4
L48__01-07-18-51-41 camara 1 - 41-339.npy,48,train,1.071,784,112,1006,334,8,01-07-18-51-41 camara 1 - 41-339.mp4
L48__01-07-18-52-44 camara 3 - 44-579.npy,48,train,1.095,299,142,710,553,8,01-07-18-52-44 camara 3 - 44-579.mp4
L48__01-07-18-53-29 camara 3 - 29-256.npy,48,train,1.044,365,112,746,493,8,01-07-18-53-29 camara 3 - 29-256.mp4
L48__01-07-18-54-32 camara 1 - 32-918.npy,48,train,1.076,823,107,1044,328,8,01-07-18-54-32 camara 1 - 32-918.mp4
L48__01-07-18-55-04 camara 0 - 04-593.npy,48,train,1.039,560,158,888,486,8,01-07-18-55-04 camara 0 - 04-593.mp4
L48__01-07-18-59-55 camara 1 - 55-917.npy,48,val,1.037,642,170,953,481,8,01-07-18-59-55 camara 1 - 55-917.mp4
L48__01-07-18-59-56 camara 3 - 56-722.npy,48,train,1.041,742,115,1047,420,8,01-07-18-59-56 camara 3 - 56-722.mp4
L48__01-07-19-02-59 camara 0 - 59-566.npy,48,train,1.063,555,156,900,501,8,01-07-19-02-59 camara 0 - 59-566.mp4
L48__01-07-19-03-00 camara 1 - 00-442.npy,48,train,1.015,625,171,954,500,8,01-07-19-03-00 camara 1 - 00-442.mp4
L48__01-07-19-04-28 camara 3 - 28-667.npy,48,train,1.055,466,115,730,379,8,01-07-19-04-28 camara 3 - 28-667.mp4
L48__01-07-19-04-29 camara 2 - 29-497.npy,48,val,1.1,530,59,852,381,8,01-07-19-04-29 camara 2 - 29-497.mp4
L48__01-07-19-04-35 camara 2 - 35-197.npy,48,val,1.031,556,80,865,389,8,01-07-19-04-35 camara 2 - 35-197.mp4
L48__01-07-19-04-47 camara 3 - 47-855.npy,48,train,1.067,314,166,675,527,8,01-07-19-04-47 camara 3 - 47-855.mp4
L48__01-07-19-04-54 camara 1 - 54-341.npy,48,train,1.0,985,191,1255,461,8,01-07-19-04-54 camara 1 - 54-341.mp4
L48__01-07-19-06-10 camara 3 - 10-179.npy,48,train,1.023,373,145,708,480,8,01-07-19-06-10 camara 3 - 10-179.mp4
L48__01-07-19-07-45 camara 3 - 45-431.npy,48,train,1.082,452,98,725,371,8,01-07-19-07-45 camara 3 - 45-431.mp4
L48__01-07-19-09-26 camara 3 - 26-890.npy,48,train,1.079,389,116,732,459,8,01-07-19-09-26 camara 3 - 26-890.mp4
L48__01-07-19-09-33 camara 3 - 33-354.npy,48,train,1.002,501,127,799,425,8,01-07-19-09-33 camara 3 - 33-354.mp4
L48__01-07-19-09-46 camara 2 - 46-010.npy,48,val,1.094,768,46,1139,417,8,01-07-19-09-46 camara 2 - 46-010.mp4
L48__01-07-19-13-10 camara 1 - 10-058.npy,48,train,1.086,822,105,1025,308,8,01-07-19-13-10 camara 1 - 10-058.mp4
L48__01-07-19-15-36 camara 1 - 36-474.npy,48,train,1.04,893,224,1238,569,8,01-07-19-15-36 camara 1 - 36-474.mp4
L48__01-07-19-17-31 camara 1 - 31-776.npy,48,train,1.018,946,177,1207,438,8,01-07-19-17-31 camara 1 - 31-776.mp4
L48__01-07-19-17-38 camara 3 - 38-162.npy,48,train,1.084,337,155,706,524,8,01-07-19-17-38 camara 3 - 38-162.mp4
L48__01-07-19-18-29 camara 3 - 29-343.npy,48,val,1.033,387,127,732,472,8,01-07-19-18-29 camara 3 - 29-343.mp4
L48__01-07-19-19-26 camara 1 - 26-509.npy,48,train,1.038,642,161,977,496,8,01-07-19-19-26 camara 1 - 26-509.mp4
L48__01-07-19-19-32 camara 1 - 32-943.npy,48,train,1.021,654,197,981,524,8,01-07-19-19-32 camara 1 - 32-943.mp4
L48__01-07-19-23-35 camara 0 - 35-753.npy,48,train,1.037,579,169,916,506,8,01-07-19-23-35 camara 0 - 35-753.mp4
L48__01-07-19-26-34 camara 3 - 34-915.npy,48,train,1.089,349,142,709,502,8,01-07-19-26-34 camara 3 - 34-915.mp4
L48__01-07-19-28-37 camara 3 - 37-013.npy,48,train,1.098,289,208,662,581,8,01-07-19-28-37 camara 3 - 37-013.mp4
L48__01-07-19-36-36 camara 3 - 36-912.npy,48,train,1.02,351,179,697,525,8,01-07-19-36-36 camara 3 - 36-912.mp4
L48__01-07-19-37-09 camara 1 - 09-120.npy,48,train,1.064,813,103,1026,316,8,01-07-19-37-09 camara 1 - 09-120.mp4
L48__01-07-19-38-07 camara 3 - 07-223.npy,48,train,1.005,174,348,558,732,8,01-07-19-38-07 camara 3 - 07-223.mp4
L48__01-07-19-42-36 camara 3 - 36-786.npy,48,train,1.017,160,301,631,772,8,01-07-19-42-36 camara 3 - 36-786.mp4
L48__01-07-19-46-28 camara 2 - 28-141.npy,48,train,1.096,804,46,1116,358,8,01-07-19-46-28 camara 2 - 28-141.mp4
L48__01-07-19-46-28 camara 3 - 28-890.npy,48,train,1.094,657,90,964,397,8,01-07-19-46-28 camara 3 - 28-890.mp4
L48__01-07-19-52-17 camara 3 - 17-001.npy,48,train,1.018,345,147,704,506,8,01-07-19-52-17 camara 3 - 17-001.mp4
L48__01-07-19-52-29 camara 3 - 29-801.npy,48,train,1.002,240,292,652,704,8,01-07-19-52-29 camara 3 - 29-801.mp4
L48__01-07-19-54-26 camara 3 - 26-136.npy,48,train,1.088,70,281,619,830,8,01-07-19-54-26 camara 3 - 26-136.mp4
L48__01-07-19-55-31 camara 1 - 31-091.npy,48,train,1.017,831,111,1046,326,8,01-07-19-55-31 camara 1 - 31-091.mp4
L48__01-07-19-56-48 camara 2 - 48-054.npy,48,train,1.076,831,59,1179,407,8,01-07-19-56-48 camara 2 - 48-054.mp4
L48__01-07-19-56-48 camara 3 - 48-878.npy,48,val,1.051,690,120,1037,467,8,01-07-19-56-48 camara 3 - 48-878.mp4
L48__01-07-19-56-54 camara 0 - 54-665.npy,48,train,1.095,564,130,918,484,8,01-07-19-56-54 camara 0 - 54-665.mp4
L48__01-07-19-58-57 camara 0 - 57-991.npy,48,train,1.085,541,178,942,579,8,01-07-19-58-57 camara 0 - 57-991.mp4
L48__01-07-20-00-28 camara 1 - 28-643.npy,48,train,1.049,609,193,963,547,8,01-07-20-00-28 camara 1 - 28-643.mp4
L48__01-07-20-00-35 camara 0 - 35-269.npy,48,train,1.063,570,176,927,533,8,01-07-20-00-35 camara 0 - 35-269.mp4
L48__01-07-20-07-11 camara 3 - 11-159.npy,48,train,1.081,332,165,695,528,8,01-07-20-07-11 camara 3 - 11-159.mp4
L48__01-07-20-07-43 camara 1 - 43-362.npy,48,val,1.087,600,208,944,552,8,01-07-20-07-43 camara 1 - 43-362.mp4
L48__01-07-20-08-21 camara 1 - 21-859.npy,48,train,1.076,764,130,1006,372,8,01-07-20-08-21 camara 1 - 21-859.mp4
L48__01-07-20-09-45 camara 3 - 45-991.npy,48,train,1.005,536,104,797,365,8,01-07-20-09-45 camara 3 - 45-991.mp4
L48__01-07-20-09-46 camara 2 - 46-734.npy,48,train,1.085,625,51,933,359,8,01-07-20-09-46 camara 2 - 46-734.mp4
L48__01-07-20-09-52 camara 1 - 52-626.npy,48,val,1.01,853,245,1225,617,8,01-07-20-09-52 camara 1 - 52-626.mp4
L48__01-07-20-09-53 camara 0 - 53-454.npy,48,train,1.078,834,188,1206,560,8,01-07-20-09-53 camara 0 - 53-454.mp4
L48__01-07-20-09-54 camara 2 - 54-318.npy,48,train,1.023,511,78,802,369,8,01-07-20-09-54 camara 2 - 54-318.mp4
L48__01-07-20-09-55 camara 3 - 55-108.npy,48,val,1.096,460,96,747,383,8,01-07-20-09-55 camara 3 - 55-108.mp4
L48__01-07-20-10-44 camara 3 - 44-665.npy,48,train,1.081,91,345,607,861,8,01-07-20-10-44 camara 3 - 44-665.mp4
L48__01-07-20-14-06 camara 3 - 06-344.npy,48,train,1.017,508,105,763,360,8,01-07-20-14-06 camara 3 - 06-344.mp4
L48__01-07-20-23-12 camara 0 - 12-929.npy,48,train,1.022,852,107,1070,325,8,01-07-20-23-12 camara 0 - 12-929.mp4
L48__01-07-20-25-43 camara 1 - 43-044.npy,48,train,1.073,946,193,1249,496,8,01-07-20-25-43 camara 1 - 43-044.mp4
L48__01-07-20-28-13 camara 1 - 13-825.npy,48,train,1.001,657,172,969,484,8,01-07-20-28-13 camara 1 - 13-825.mp4
L48__01-07-20-28-52 camara 1 - 52-970.npy,48,train,1.015,821,110,1027,316,8,01-07-20-28-52 camara 1 - 52-970.mp4
L48__01-07-20-28-59 camara 0 - 59-699.npy,48,train,1.074,622,72,816,266,8,01-07-20-28-59 camara 0 - 59-699.mp4
L48__01-07-20-29-32 camara 3 - 32-304.npy,48,val,1.037,459,155,720,416,8,01-07-20-29-32 camara 3 - 32-304.mp4
L48__01-07-20-30-04 camara 1 - 04-982.npy,48,train,1.095,938,218,1246,526,8,01-07-20-30-04 camara 1 - 04-982.mp4
