npy,clase,split,marco,ventana,clip_origen
hurto__02-13-21-13-55 camara 0 - 55-994.npy,hurto,train,1.009,(609, 118, 833, 342),02-13-21-13-55 camara 0 - 55-994.mp4
hurto__02-13-21-13-56 camara 1 - 56-919.npy,hurto,train,1.006,(762, 149, 978, 365),02-13-21-13-56 camara 1 - 56-919.mp4
hurto__02-13-21-14-27 camara 0 - 27-795.npy,hurto,train,1.003,(627, 133, 874, 380),02-13-21-14-27 camara 0 - 27-795.mp4
hurto__02-13-21-14-28 camara 1 - 28-695.npy,hurto,train,1.028,(736, 155, 985, 404),02-13-21-14-28 camara 1 - 28-695.mp4
hurto__02-13-21-14-46 camara 0 - 46-662.npy,hurto,train,1.093,(847, 101, 1073, 327),02-13-21-14-46 camara 0 - 46-662.mp4
hurto__02-13-21-15-17 camara 1 - 17-716.npy,hurto,train,1.081,(976, 170, 1224, 418),02-13-21-15-17 camara 1 - 17-716.mp4
hurto__02-13-21-15-18 camara 0 - 18-508.npy,hurto,train,1.032,(877, 125, 1110, 358),02-13-21-15-18 camara 0 - 18-508.mp4
hurto__02-13-21-15-19 camara 2 - 19-281.npy,hurto,train,1.066,(475, 243, 907, 675),02-13-21-15-19 camara 2 - 19-281.mp4
hurto__02-13-21-15-43 camara 2 - 43-035.npy,hurto,val,1.073,(424, 256, 912, 744),02-13-21-15-43 camara 2 - 43-035.mp4
normal__02-13-21-15-49 camara 0 - 49-365.npy,normal,train,1.077,(857, 111, 1084, 338),02-13-21-15-49 camara 0 - 49-365.mp4
normal__02-13-21-15-50 camara 1 - 50-130.npy,normal,train,1.014,(990, 167, 1206, 383),02-13-21-15-50 camara 1 - 50-130.mp4
hurto__02-13-21-16-01 camara 0 - 01-915.npy,hurto,train,1.033,(859, 116, 1075, 332),02-13-21-16-01 camara 0 - 01-915.mp4
normal__02-13-21-16-02 camara 1 - 02-670.npy,normal,train,1.028,(990, 166, 1209, 385),02-13-21-16-02 camara 1 - 02-670.mp4
normal__02-13-21-16-03 camara 2 - 03-437.npy,normal,train,1.004,(502, 290, 936, 724),02-13-21-16-03 camara 2 - 03-437.mp4
normal__02-13-21-16-26 camara 0 - 26-926.npy,normal,train,1.039,(621, 112, 851, 342),02-13-21-16-26 camara 0 - 26-926.mp4
normal__02-13-21-16-52 camara 0 - 52-196.npy,normal,train,1.051,(610, 182, 917, 489),02-13-21-16-52 camara 0 - 52-196.mp4
normal__02-13-21-17-59 camara 3 - 59-655.npy,normal,train,1.09,(722, 145, 1073, 496),02-13-21-17-59 camara 3 - 59-655.mp4
hurto__02-13-21-18-18 camara 2 - 18-108.npy,hurto,train,1.084,(831, 101, 1193, 463),02-13-21-18-18 camara 2 - 18-108.mp4
normal__02-13-21-20-20 camara 3 - 20-706.npy,normal,train,1.086,(496, 113, 772, 389),02-13-21-20-20 camara 3 - 20-706.mp4
normal__02-13-21-20-26 camara 3 - 26-852.npy,normal,train,1.038,(503, 117, 769, 383),02-13-21-20-26 camara 3 - 26-852.mp4
normal__02-13-21-20-27 camara 2 - 27-596.npy,normal,val,1.027,(541, 84, 822, 365),02-13-21-20-27 camara 2 - 27-596.mp4
hurto__02-13-21-21-28 camara 2 - 28-440.npy,hurto,train,1.091,(818, 39, 1116, 337),02-13-21-21-28 camara 2 - 28-440.mp4
normal__02-13-21-21-46 camara 1 - 46-913.npy,normal,train,1.092,(934, 190, 1229, 485),02-13-21-21-46 camara 1 - 46-913.mp4
hurto__02-13-21-21-47 camara 0 - 47-705.npy,hurto,train,1.002,(906, 149, 1162, 405),02-13-21-21-47 camara 0 - 47-705.mp4
normal__02-13-21-22-48 camara 1 - 48-558.npy,normal,train,1.01,(993, 171, 1241, 419),02-13-21-22-48 camara 1 - 48-558.mp4
normal__02-13-21-23-51 camara 0 - 51-993.npy,normal,train,1.065,(920, 159, 1205, 444),02-13-21-23-51 camara 0 - 51-993.mp4
hurto__02-13-21-23-51 camara 1 - 51-139.npy,hurto,train,1.085,(933, 204, 1235, 506),02-13-21-23-51 camara 1 - 51-139.mp4
normal__02-13-21-23-52 camara 2 - 52-787.npy,normal,val,1.05,(506, 126, 856, 476),02-13-21-23-52 camara 2 - 52-787.mp4
hurto__02-13-21-23-57 camara 1 - 57-640.npy,hurto,val,1.092,(923, 203, 1225, 505),02-13-21-23-57 camara 1 - 57-640.mp4
normal__02-13-21-23-58 camara 0 - 58-411.npy,normal,train,1.038,(898, 165, 1164, 431),02-13-21-23-58 camara 0 - 58-411.mp4
normal__02-13-21-23-59 camara 3 - 59-250.npy,normal,train,1.092,(413, 151, 729, 467),02-13-21-23-59 camara 3 - 59-250.mp4
normal__02-13-21-24-00 camara 2 - 00-007.npy,normal,train,1.057,(520, 127, 864, 471),02-13-21-24-00 camara 2 - 00-007.mp4
normal__02-13-21-24-29 camara 1 - 29-232.npy,normal,train,1.007,(815, 136, 1018, 339),02-13-21-24-29 camara 1 - 29-232.mp4
hurto__02-13-21-24-30 camara 0 - 30-087.npy,hurto,train,1.019,(645, 105, 856, 316),02-13-21-24-30 camara 0 - 30-087.mp4
normal__02-13-21-24-35 camara 0 - 35-540.npy,normal,train,1.077,(640, 99, 864, 323),02-13-21-24-35 camara 0 - 35-540.mp4
hurto__02-13-21-24-41 camara 0 - 41-834.npy,hurto,train,1.084,(641, 98, 866, 323),02-13-21-24-41 camara 0 - 41-834.mp4
normal__02-13-21-24-42 camara 1 - 42-726.npy,normal,train,1.086,(807, 127, 1027, 347),02-13-21-24-42 camara 1 - 42-726.mp4
normal__02-13-21-25-00 camara 3 - 00-503.npy,normal,train,1.047,(613, 248, 1032, 667),02-13-21-25-00 camara 3 - 00-503.mp4
normal__02-13-21-27-03 camara 3 - 03-075.npy,normal,train,1.083,(455, 138, 740, 423),02-13-21-27-03 camara 3 - 03-075.mp4
hurto__02-13-21-27-59 camara 1 - 59-152.npy,hurto,train,1.023,(958, 191, 1224, 457),02-13-21-27-59 camara 1 - 59-152.mp4
normal__02-13-21-28-11 camara 2 - 11-392.npy,normal,train,1.03,(500, 225, 948, 673),02-13-21-28-11 camara 2 - 11-392.mp4
normal__02-13-21-28-12 camara 1 - 12-263.npy,normal,train,1.044,(968, 167, 1212, 411),02-13-21-28-12 camara 1 - 12-263.mp4
hurto__02-13-21-28-17 camara 0 - 17-711.npy,hurto,val,1.074,(849, 122, 1087, 360),02-13-21-28-17 camara 0 - 17-711.mp4
hurto__02-13-21-28-24 camara 1 - 24-110.npy,hurto,train,1.047,(966, 173, 1202, 409),02-13-21-28-24 camara 1 - 24-110.mp4
hurto__02-13-21-28-30 camara 0 - 30-560.npy,hurto,train,1.078,(847, 119, 1087, 359),02-13-21-28-30 camara 0 - 30-560.mp4
hurto__02-13-21-28-36 camara 0 - 36-947.npy,hurto,train,1.034,(854, 124, 1084, 354),02-13-21-28-36 camara 0 - 36-947.mp4
normal__02-13-21-28-49 camara 2 - 49-290.npy,normal,train,1.043,(451, 353, 955, 857),02-13-21-28-49 camara 2 - 49-290.mp4
hurto__02-13-21-28-55 camara 2 - 55-586.npy,hurto,train,1.093,(509, 375, 1015, 881),02-13-21-28-55 camara 2 - 55-586.mp4
normal__02-13-21-28-56 camara 1 - 56-460.npy,normal,train,1.079,(991, 151, 1208, 368),02-13-21-28-56 camara 1 - 56-460.mp4
normal__02-13-21-28-57 camara 0 - 57-270.npy,normal,train,1.075,(839, 101, 1056, 318),02-13-21-28-57 camara 0 - 57-270.mp4
normal__02-13-21-29-01 camara 1 - 01-932.npy,normal,val,1.051,(993, 154, 1203, 364),02-13-21-29-01 camara 1 - 01-932.mp4
normal__02-13-21-29-39 camara 1 - 39-196.npy,normal,train,1.036,(1001, 162, 1217, 378),02-13-21-29-39 camara 1 - 39-196.mp4
hurto__02-13-21-29-40 camara 0 - 40-063.npy,hurto,val,1.037,(857, 110, 1069, 322),02-13-21-29-40 camara 0 - 40-063.mp4
hurto__02-13-21-29-45 camara 0 - 45-453.npy,hurto,train,1.021,(863, 113, 1071, 321),02-13-21-29-45 camara 0 - 45-453.mp4
hurto__02-13-21-29-46 camara 1 - 46-292.npy,hurto,train,1.009,(998, 166, 1207, 375),02-13-21-29-46 camara 1 - 46-292.mp4
normal__02-13-21-30-10 camara 0 - 10-335.npy,normal,train,1.062,(868, 124, 1109, 365),02-13-21-30-10 camara 0 - 10-335.mp4
hurto__02-13-21-30-11 camara 1 - 11-175.npy,hurto,train,1.066,(984, 175, 1225, 416),02-13-21-30-11 camara 1 - 11-175.mp4
normal__02-13-21-32-14 camara 0 - 14-624.npy,normal,train,1.072,(877, 136, 1134, 393),02-13-21-32-14 camara 0 - 14-624.mp4
hurto__02-13-21-44-27 camara 2 - 27-517.npy,hurto,val,1.044,(488, 227, 926, 665),02-13-21-44-27 camara 2 - 27-517.mp4
hurto__02-13-21-44-33 camara 2 - 33-756.npy,hurto,train,1.079,(517, 237, 947, 667),02-13-21-44-33 camara 2 - 33-756.mp4
normal__02-13-21-44-46 camara 3 - 46-359.npy,normal,val,1.007,(609, 252, 1064, 707),02-13-21-44-46 camara 3 - 46-359.mp4
normal__02-13-21-44-52 camara 1 - 52-608.npy,normal,train,1.001,(798, 135, 1018, 355),02-13-21-44-52 camara 1 - 52-608.mp4
normal__02-13-21-44-53 camara 0 - 53-408.npy,normal,train,1.044,(615, 100, 848, 333),02-13-21-44-53 camara 0 - 53-408.mp4
hurto__02-13-21-45-05 camara 2 - 05-274.npy,hurto,train,1.012,(878, 174, 1286, 582),02-13-21-45-05 camara 2 - 05-274.mp4
normal__02-13-21-45-11 camara 1 - 11-521.npy,normal,train,1.093,(759, 141, 1009, 391),02-13-21-45-11 camara 1 - 11-521.mp4
hurto__02-13-21-45-30 camara 1 - 30-414.npy,hurto,train,1.029,(835, 130, 1034, 329),02-13-21-45-30 camara 1 - 30-414.mp4
hurto__02-13-21-46-38 camara 3 - 38-959.npy,hurto,val,1.068,(700, 74, 950, 324),02-13-21-46-38 camara 3 - 38-959.mp4
normal__02-13-21-47-10 camara 2 - 10-338.npy,normal,train,1.008,(498, 87, 783, 372),02-13-21-47-10 camara 2 - 10-338.mp4
hurto__02-13-21-47-16 camara 2 - 16-622.npy,hurto,train,1.001,(571, 96, 841, 366),02-13-21-47-16 camara 2 - 16-622.mp4
hurto__02-13-21-48-19 camara 1 - 19-134.npy,hurto,train,1.01,(1002, 164, 1215, 377),02-13-21-48-19 camara 1 - 19-134.mp4
hurto__02-13-21-48-25 camara 1 - 25-404.npy,hurto,train,1.004,(1006, 162, 1217, 373),02-13-21-48-25 camara 1 - 25-404.mp4
normal__02-13-21-48-26 camara 2 - 26-234.npy,normal,val,1.032,(453, 325, 934, 806),02-13-21-48-26 camara 2 - 26-234.mp4
hurto__02-13-21-48-50 camara 3 - 50-622.npy,hurto,train,1.021,(586, 249, 1035, 698),02-13-21-48-50 camara 3 - 50-622.mp4
normal__02-13-21-48-51 camara 2 - 51-414.npy,normal,train,1.091,(936, 208, 1423, 695),02-13-21-48-51 camara 2 - 51-414.mp4
hurto__02-13-21-48-57 camara 1 - 57-001.npy,hurto,val,1.042,(792, 136, 1007, 351),02-13-21-48-57 camara 1 - 57-001.mp4
normal__02-13-21-49-53 camara 3 - 53-313.npy,normal,train,1.05,(705, 116, 1019, 430),02-13-21-49-53 camara 3 - 53-313.mp4
hurto__02-13-21-49-59 camara 0 - 59-601.npy,hurto,train,1.036,(617, 162, 939, 484),02-13-21-49-59 camara 0 - 59-601.mp4
normal__02-13-21-50-00 camara 1 - 00-455.npy,normal,val,1.003,(658, 204, 944, 490),02-13-21-50-00 camara 1 - 00-455.mp4
normal__02-13-21-50-01 camara 3 - 01-296.npy,normal,train,1.062,(694, 115, 1001, 422),02-13-21-50-01 camara 3 - 01-296.mp4
normal__02-13-21-50-12 camara 1 - 12-381.npy,normal,train,1.073,(643, 193, 945, 495),02-13-21-50-12 camara 1 - 12-381.mp4
hurto__02-13-21-50-18 camara 1 - 18-737.npy,hurto,train,1.045,(656, 196, 955, 495),02-13-21-50-18 camara 1 - 18-737.mp4
normal__02-13-21-50-19 camara 0 - 19-533.npy,normal,train,1.093,(633, 169, 959, 495),02-13-21-50-19 camara 0 - 19-533.mp4
normal__02-13-21-50-43 camara 2 - 43-849.npy,normal,train,1.01,(520, 80, 807, 367),02-13-21-50-43 camara 2 - 43-849.mp4
normal__02-13-21-51-46 camara 0 - 46-214.npy,normal,train,1.054,(877, 158, 1175, 456),02-13-21-51-46 camara 0 - 46-214.mp4
hurto__02-13-21-51-46 camara 2 - 46-992.npy,hurto,train,1.058,(539, 89, 921, 471),02-13-21-51-46 camara 2 - 46-992.mp4
hurto__02-13-21-51-58 camara 3 - 58-813.npy,hurto,train,1.055,(604, 116, 885, 397),02-13-21-51-58 camara 3 - 58-813.mp4
normal__02-13-21-52-29 camara 2 - 29-946.npy,normal,train,1.012,(512, 148, 870, 506),02-13-21-52-29 camara 2 - 29-946.mp4
normal__02-13-21-52-30 camara 3 - 30-668.npy,normal,train,1.003,(396, 194, 687, 485),02-13-21-52-30 camara 3 - 30-668.mp4
normal__02-13-21-52-55 camara 2 - 55-118.npy,normal,train,1.029,(511, 100, 906, 495),02-13-21-52-55 camara 2 - 55-118.mp4
normal__02-13-21-53-01 camara 2 - 01-356.npy,normal,train,1.008,(559, 162, 891, 494),02-13-21-53-01 camara 2 - 01-356.mp4
hurto__02-13-21-53-51 camara 3 - 51-455.npy,hurto,train,1.015,(376, 186, 703, 513),02-13-21-53-51 camara 3 - 51-455.mp4
hurto__02-13-21-54-22 camara 2 - 22-864.npy,hurto,train,1.029,(463, 225, 932, 694),02-13-21-54-22 camara 2 - 22-864.mp4
hurto__02-13-21-55-50 camara 0 - 50-476.npy,hurto,train,1.044,(624, 102, 860, 338),02-13-21-55-50 camara 0 - 50-476.mp4
normal__02-13-21-57-17 camara 0 - 17-773.npy,normal,train,1.022,(620, 166, 917, 463),02-13-21-57-17 camara 0 - 17-773.mp4
normal__02-13-21-57-30 camara 2 - 30-337.npy,normal,train,1.099,(788, 34, 1086, 332),02-13-21-57-30 camara 2 - 30-337.mp4
normal__02-13-21-57-42 camara 3 - 42-871.npy,normal,val,1.097,(703, 87, 967, 351),02-13-21-57-42 camara 3 - 42-871.mp4
normal__02-13-21-57-43 camara 1 - 43-669.npy,normal,train,1.074,(543, 249, 933, 639),02-13-21-57-43 camara 1 - 43-669.mp4
hurto__02-13-21-57-49 camara 0 - 49-285.npy,hurto,val,1.002,(635, 235, 994, 594),02-13-21-57-49 camara 0 - 49-285.mp4
hurto__02-13-21-57-50 camara 1 - 50-070.npy,hurto,train,1.006,(562, 234, 937, 609),02-13-21-57-50 camara 1 - 50-070.mp4
normal__02-13-22-00-19 camara 3 - 19-427.npy,normal,val,1.011,(440, 170, 737, 467),02-13-22-00-19 camara 3 - 19-427.mp4
hurto__02-13-22-00-20 camara 2 - 20-176.npy,hurto,val,1.077,(523, 103, 910, 490),02-13-22-00-20 camara 2 - 20-176.mp4
normal__02-13-22-00-25 camara 0 - 25-690.npy,normal,train,1.082,(849, 157, 1132, 440),02-13-22-00-25 camara 0 - 25-690.mp4
hurto__02-13-22-00-31 camara 1 - 31-879.npy,hurto,train,1.091,(744, 202, 1227, 685),02-13-22-00-31 camara 1 - 31-879.mp4
hurto__02-13-22-01-34 camara 0 - 34-241.npy,hurto,train,1.002,(856, 117, 1060, 321),02-13-22-01-34 camara 0 - 34-241.mp4
hurto__02-13-22-01-46 camara 2 - 46-868.npy,hurto,train,1.083,(487, 290, 1008, 811),02-13-22-01-46 camara 2 - 46-868.mp4
normal__02-13-22-01-53 camara 0 - 53-170.npy,normal,train,1.036,(845, 113, 1053, 321),02-13-22-01-53 camara 0 - 53-170.mp4
hurto__02-13-22-02-24 camara 0 - 24-667.npy,hurto,train,1.034,(642, 107, 863, 328),02-13-22-02-24 camara 0 - 24-667.mp4
hurto__02-13-22-02-30 camara 0 - 30-908.npy,hurto,train,1.005,(644, 116, 858, 330),02-13-22-02-30 camara 0 - 30-908.mp4
hurto__02-13-22-03-08 camara 3 - 08-736.npy,hurto,val,1.042,(721, 120, 1033, 432),02-13-22-03-08 camara 3 - 08-736.mp4
hurto__02-13-22-03-09 camara 2 - 09-489.npy,hurto,train,1.071,(861, 65, 1201, 405),02-13-22-03-09 camara 2 - 09-489.mp4
hurto__02-13-22-03-14 camara 0 - 14-980.npy,hurto,val,1.069,(588, 155, 910, 477),02-13-22-03-14 camara 0 - 14-980.mp4
hurto__02-13-22-04-55 camara 2 - 55-157.npy,hurto,train,1.014,(506, 160, 894, 548),02-13-22-04-55 camara 2 - 55-157.mp4
hurto__02-13-22-04-55 camara 3 - 55-927.npy,hurto,train,1.095,(346, 178, 709, 541),02-13-22-04-55 camara 3 - 55-927.mp4
hurto__02-13-22-05-45 camara 3 - 45-702.npy,hurto,train,1.087,(140, 281, 649, 790),02-13-22-05-45 camara 3 - 45-702.mp4
normal__02-13-22-07-32 camara 3 - 32-352.npy,normal,train,1.032,(144, 330, 603, 789),02-13-22-07-32 camara 3 - 32-352.mp4
hurto__02-13-22-07-44 camara 3 - 44-833.npy,hurto,train,1.058,(170, 332, 636, 798),02-13-22-07-44 camara 3 - 44-833.mp4
hurto__02-13-22-07-51 camara 2 - 51-139.npy,hurto,train,1.05,(654, 388, 1125, 859),02-13-22-07-51 camara 2 - 51-139.mp4
normal__02-13-22-07-51 camara 3 - 51-914.npy,normal,train,1.006,(233, 378, 625, 770),02-13-22-07-51 camara 3 - 51-914.mp4
hurto__02-13-22-08-54 camara 0 - 54-099.npy,hurto,train,1.016,(637, 109, 872, 344),02-13-22-08-54 camara 0 - 54-099.mp4
normal__02-13-22-09-12 camara 2 - 12-767.npy,normal,train,1.028,(903, 98, 1259, 454),02-13-22-09-12 camara 2 - 12-767.mp4
hurto__02-13-22-09-13 camara 3 - 13-547.npy,hurto,train,1.004,(722, 151, 1050, 479),02-13-22-09-13 camara 3 - 13-547.mp4
hurto__02-13-22-09-19 camara 0 - 19-213.npy,hurto,train,1.08,(592, 138, 883, 429),02-13-22-09-19 camara 0 - 19-213.mp4
hurto__02-13-22-09-44 camara 2 - 44-447.npy,hurto,train,1.024,(538, 61, 797, 320),02-13-22-09-44 camara 2 - 44-447.mp4
normal__02-13-22-11-24 camara 3 - 24-732.npy,normal,train,1.04,(420, 150, 725, 455),02-13-22-11-24 camara 3 - 24-732.mp4
hurto__02-13-22-11-37 camara 2 - 37-247.npy,hurto,train,1.053,(520, 151, 890, 521),02-13-22-11-37 camara 2 - 37-247.mp4
normal__02-13-22-11-49 camara 0 - 49-697.npy,normal,val,1.078,(889, 135, 1166, 412),02-13-22-11-49 camara 0 - 49-697.mp4
hurto__02-13-22-12-14 camara 3 - 14-909.npy,hurto,train,1.083,(370, 185, 730, 545),02-13-22-12-14 camara 3 - 14-909.mp4
normal__02-13-22-12-15 camara 2 - 15-691.npy,normal,train,1.048,(534, 160, 932, 558),02-13-22-12-15 camara 2 - 15-691.mp4
hurto__02-13-22-12-21 camara 0 - 21-195.npy,hurto,train,1.003,(859, 146, 1100, 387),02-13-22-12-21 camara 0 - 21-195.mp4
hurto__02-13-22-12-21 camara 3 - 21-991.npy,hurto,train,1.044,(379, 190, 725, 536),02-13-22-12-21 camara 3 - 21-991.mp4
hurto__02-13-22-12-27 camara 2 - 27-431.npy,hurto,train,1.04,(535, 167, 920, 552),02-13-22-12-27 camara 2 - 27-431.mp4
hurto__02-13-22-14-19 camara 3 - 19-943.npy,hurto,train,1.073,(443, 139, 751, 447),02-13-22-14-19 camara 3 - 19-943.mp4
hurto__02-13-22-15-10 camara 0 - 10-012.npy,hurto,train,1.072,(657, 162, 989, 494),02-13-22-15-10 camara 0 - 10-012.mp4
hurto__02-13-22-15-10 camara 1 - 10-781.npy,hurto,val,1.013,(668, 197, 980, 509),02-13-22-15-10 camara 1 - 10-781.mp4
normal__02-13-22-16-00 camara 3 - 00-208.npy,normal,train,1.001,(422, 145, 720, 443),02-13-22-16-00 camara 3 - 00-208.mp4
normal__02-13-22-16-06 camara 2 - 06-614.npy,normal,train,1.088,(547, 105, 905, 463),02-13-22-16-06 camara 2 - 06-614.mp4
normal__02-13-22-17-46 camara 3 - 46-411.npy,normal,train,1.065,(229, 316, 665, 752),02-13-22-17-46 camara 3 - 46-411.mp4
normal__02-13-22-18-23 camara 1 - 23-960.npy,normal,train,1.02,(805, 268, 1175, 638),02-13-22-18-23 camara 1 - 23-960.mp4
normal__02-13-22-19-33 camara 1 - 33-076.npy,normal,train,1.079,(757, 278, 1160, 681),02-13-22-19-33 camara 1 - 33-076.mp4
hurto__02-13-22-20-35 camara 2 - 35-374.npy,hurto,val,1.022,(493, 147, 896, 550),02-13-22-20-35 camara 2 - 35-374.mp4
hurto__02-13-22-20-41 camara 2 - 41-711.npy,hurto,train,1.074,(499, 158, 903, 562),02-13-22-20-41 camara 2 - 41-711.mp4
normal__02-13-22-20-42 camara 1 - 42-527.npy,normal,train,1.005,(957, 185, 1215, 443),02-13-22-20-42 camara 1 - 42-527.mp4
hurto__02-13-22-20-48 camara 2 - 48-008.npy,hurto,train,1.081,(498, 78, 983, 563),02-13-22-20-48 camara 2 - 48-008.mp4
hurto__02-13-22-22-09 camara 3 - 09-867.npy,hurto,train,1.039,(705, 105, 979, 379),02-13-22-22-09 camara 3 - 09-867.mp4
hurto__02-13-22-22-16 camara 2 - 16-252.npy,hurto,train,1.083,(756, 52, 1057, 353),02-13-22-22-16 camara 2 - 16-252.mp4
normal__02-13-22-25-30 camara 2 - 30-976.npy,normal,train,1.036,(529, 94, 871, 436),02-13-22-25-30 camara 2 - 30-976.mp4
hurto__02-13-22-25-30 camara 3 - 30-245.npy,hurto,train,1.004,(456, 135, 751, 430),02-13-22-25-30 camara 3 - 30-245.mp4
normal__02-13-22-25-49 camara 2 - 49-034.npy,normal,train,1.089,(498, 158, 939, 599),02-13-22-25-49 camara 2 - 49-034.mp4
normal__02-13-22-26-20 camara 2 - 20-497.npy,normal,val,1.097,(524, 93, 898, 467),02-13-22-26-20 camara 2 - 20-497.mp4
hurto__02-13-22-26-39 camara 2 - 39-444.npy,hurto,val,1.035,(561, 50, 902, 391),02-13-22-26-39 camara 2 - 39-444.mp4
normal__02-13-22-26-45 camara 1 - 45-920.npy,normal,train,1.058,(797, 278, 1230, 711),02-13-22-26-45 camara 1 - 45-920.mp4
normal__02-13-22-27-17 camara 0 - 17-154.npy,normal,train,1.019,(612, 101, 829, 318),02-13-22-27-17 camara 0 - 17-154.mp4
hurto__02-13-22-27-17 camara 1 - 17-984.npy,hurto,train,1.051,(794, 126, 1005, 337),02-13-22-27-17 camara 1 - 17-984.mp4
normal__02-13-22-27-42 camara 0 - 42-479.npy,normal,train,1.022,(611, 107, 844, 340),02-13-22-27-42 camara 0 - 42-479.mp4
hurto__02-13-22-27-43 camara 2 - 43-285.npy,hurto,train,1.043,(957, 201, 1410, 654),02-13-22-27-43 camara 2 - 43-285.mp4
hurto__02-13-22-29-17 camara 0 - 17-416.npy,hurto,train,1.009,(626, 224, 967, 565),02-13-22-29-17 camara 0 - 17-416.mp4
normal__02-13-22-29-18 camara 1 - 18-241.npy,normal,val,1.002,(588, 236, 954, 602),02-13-22-29-18 camara 1 - 18-241.mp4
hurto__02-13-22-30-51 camara 3 - 51-841.npy,hurto,train,1.001,(431, 147, 744, 460),02-13-22-30-51 camara 3 - 51-841.mp4
normal__02-13-22-31-04 camara 3 - 04-429.npy,normal,train,1.049,(441, 154, 754, 467),02-13-22-31-04 camara 3 - 04-429.mp4
normal__02-13-22-31-29 camara 3 - 29-714.npy,normal,val,1.009,(308, 222, 652, 566),02-13-22-31-29 camara 3 - 29-714.mp4
hurto__02-13-22-31-36 camara 2 - 36-000.npy,hurto,train,1.065,(505, 194, 916, 605),02-13-22-31-36 camara 2 - 36-000.mp4
normal__02-13-22-31-42 camara 3 - 42-378.npy,normal,train,1.077,(325, 221, 684, 580),02-13-22-31-42 camara 3 - 42-378.mp4
normal__02-13-22-31-48 camara 0 - 48-668.npy,normal,train,1.064,(850, 124, 1096, 370),02-13-22-31-48 camara 0 - 48-668.mp4
normal__02-13-22-31-49 camara 1 - 49-455.npy,normal,train,1.083,(950, 170, 1214, 434),02-13-22-31-49 camara 1 - 49-455.mp4
hurto__02-13-22-32-19 camara 3 - 19-980.npy,hurto,train,1.033,(198, 299, 642, 743),02-13-22-32-19 camara 3 - 19-980.mp4
normal__02-13-22-32-20 camara 2 - 20-787.npy,normal,val,1.039,(447, 279, 1013, 845),02-13-22-32-20 camara 2 - 20-787.mp4
hurto__02-13-22-32-21 camara 1 - 21-578.npy,hurto,train,1.011,(993, 153, 1215, 375),02-13-22-32-21 camara 1 - 21-578.mp4
hurto__02-13-22-32-32 camara 0 - 32-749.npy,hurto,train,1.037,(852, 102, 1071, 321),02-13-22-32-32 camara 0 - 32-749.mp4
hurto__02-13-22-32-33 camara 2 - 33-540.npy,hurto,val,1.071,(463, 319, 986, 842),02-13-22-32-33 camara 2 - 33-540.mp4
hurto__02-13-22-32-34 camara 1 - 34-295.npy,hurto,train,1.067,(995, 150, 1222, 377),02-13-22-32-34 camara 1 - 34-295.mp4
normal__02-13-22-32-58 camara 0 - 58-044.npy,normal,train,1.075,(586, 139, 994, 547),02-13-22-32-58 camara 0 - 58-044.mp4
hurto__02-13-22-34-07 camara 1 - 07-186.npy,hurto,train,1.067,(865, 257, 1224, 616),02-13-22-34-07 camara 1 - 07-186.mp4
normal__02-13-22-34-07 camara 2 - 07-989.npy,normal,train,1.006,(549, 76, 829, 356),02-13-22-34-07 camara 2 - 07-989.mp4
normal__02-13-22-34-08 camara 0 - 08-747.npy,normal,train,1.099,(885, 205, 1259, 579),02-13-22-34-08 camara 0 - 08-747.mp4
hurto__02-13-22-35-04 camara 2 - 04-123.npy,hurto,train,1.064,(516, 105, 874, 463),02-13-22-35-04 camara 2 - 04-123.mp4
normal__02-13-22-35-35 camara 2 - 35-647.npy,normal,train,1.056,(523, 471, 1061, 1009),02-13-22-35-35 camara 2 - 35-647.mp4
hurto__02-13-22-36-32 camara 3 - 32-062.npy,hurto,train,1.039,(623, 263, 1065, 705),02-13-22-36-32 camara 3 - 32-062.mp4
hurto__02-13-22-36-38 camara 0 - 38-527.npy,hurto,train,1.013,(645, 113, 860, 328),02-13-22-36-38 camara 0 - 38-527.mp4
hurto__02-13-22-36-57 camara 3 - 57-465.npy,hurto,train,1.033,(556, 303, 1042, 789),02-13-22-36-57 camara 3 - 57-465.mp4
hurto__02-13-22-37-03 camara 1 - 03-774.npy,hurto,val,1.096,(826, 130, 1046, 350),02-13-22-37-03 camara 1 - 03-774.mp4
hurto__02-13-22-37-04 camara 2 - 04-559.npy,hurto,train,1.052,(917, 280, 1404, 767),02-13-22-37-04 camara 2 - 04-559.mp4
hurto__02-13-22-37-05 camara 0 - 05-330.npy,hurto,train,1.071,(652, 91, 878, 317),02-13-22-37-05 camara 0 - 05-330.mp4
hurto__02-13-22-37-06 camara 3 - 06-158.npy,hurto,train,1.093,(463, 290, 984, 811),02-13-22-37-06 camara 3 - 06-158.mp4
hurto__02-13-22-37-28 camara 3 - 28-715.npy,hurto,train,1.016,(293, 186, 673, 566),02-13-22-37-28 camara 3 - 28-715.mp4
normal__02-13-22-37-34 camara 1 - 34-905.npy,normal,train,1.008,(947, 171, 1196, 420),02-13-22-37-34 camara 1 - 34-905.mp4
hurto__02-13-22-37-41 camara 2 - 41-216.npy,hurto,train,1.006,(516, 195, 945, 624),02-13-22-37-41 camara 2 - 41-216.mp4
hurto__02-13-22-40-50 camara 3 - 50-658.npy,hurto,train,1.037,(319, 199, 691, 571),02-13-22-40-50 camara 3 - 50-658.mp4
hurto__02-13-22-40-57 camara 0 - 57-058.npy,hurto,train,1.013,(868, 131, 1109, 372),02-13-22-40-57 camara 0 - 57-058.mp4
normal__02-13-22-41-03 camara 3 - 03-370.npy,normal,train,1.056,(333, 209, 697, 573),02-13-22-41-03 camara 3 - 03-370.mp4
hurto__02-13-22-41-04 camara 0 - 04-868.npy,hurto,train,1.078,(852, 124, 1107, 379),02-13-22-41-04 camara 0 - 04-868.mp4
normal__02-13-22-41-04 camara 2 - 04-128.npy,normal,train,1.062,(503, 183, 928, 608),02-13-22-41-04 camara 2 - 04-128.mp4
hurto__02-13-22-41-28 camara 2 - 28-806.npy,hurto,train,1.061,(525, 107, 868, 450),02-13-22-41-28 camara 2 - 28-806.mp4
normal__02-13-22-42-00 camara 0 - 00-336.npy,normal,train,1.026,(903, 158, 1168, 423),02-13-22-42-00 camara 0 - 00-336.mp4
normal__02-13-22-42-57 camara 3 - 57-338.npy,normal,train,1.007,(542, 95, 763, 316),02-13-22-42-57 camara 3 - 57-338.mp4
normal__02-13-22-43-16 camara 2 - 16-225.npy,normal,train,1.065,(516, 83, 841, 408),02-13-22-43-16 camara 2 - 16-225.mp4
normal__02-13-22-43-22 camara 2 - 22-587.npy,normal,train,1.015,(557, 105, 853, 401),02-13-22-43-22 camara 2 - 22-587.mp4
hurto__02-13-22-44-31 camara 2 - 31-822.npy,hurto,train,1.045,(548, 57, 808, 317),02-13-22-44-31 camara 2 - 31-822.mp4
hurto__02-13-22-44-44 camara 1 - 44-549.npy,hurto,val,1.076,(799, 273, 1231, 705),02-13-22-44-44 camara 1 - 44-549.mp4
normal__02-13-22-45-28 camara 2 - 28-691.npy,normal,train,1.065,(589, 280, 1089, 780),02-13-22-45-28 camara 2 - 28-691.mp4
normal__02-13-22-45-29 camara 1 - 29-414.npy,normal,train,1.003,(962, 157, 1178, 373),02-13-22-45-29 camara 1 - 29-414.mp4
hurto__02-13-22-45-30 camara 0 - 30-272.npy,hurto,train,1.067,(805, 101, 1041, 337),02-13-22-45-30 camara 0 - 30-272.mp4
normal__02-13-22-45-31 camara 3 - 31-039.npy,normal,train,1.049,(255, 281, 684, 710),02-13-22-45-31 camara 3 - 31-039.mp4
normal__02-13-22-45-35 camara 3 - 35-188.npy,normal,train,1.064,(247, 278, 668, 699),02-13-22-45-35 camara 3 - 35-188.mp4
hurto__02-13-22-45-54 camara 3 - 54-106.npy,hurto,train,1.058,(350, 195, 703, 548),02-13-22-45-54 camara 3 - 54-106.mp4
normal__02-13-22-48-00 camara 3 - 00-421.npy,normal,train,1.03,(283, 264, 685, 666),02-13-22-48-00 camara 3 - 00-421.mp4
hurto__02-13-22-48-06 camara 2 - 06-811.npy,hurto,train,1.044,(543, 253, 1027, 737),02-13-22-48-06 camara 2 - 06-811.mp4
normal__02-13-22-48-07 camara 3 - 07-574.npy,normal,train,1.047,(287, 269, 690, 672),02-13-22-48-07 camara 3 - 07-574.mp4
normal__02-13-22-48-13 camara 0 - 13-246.npy,normal,train,1.056,(828, 115, 1057, 344),02-13-22-48-13 camara 0 - 13-246.mp4
hurto__02-13-22-48-19 camara 3 - 19-587.npy,hurto,train,1.01,(288, 269, 677, 658),02-13-22-48-19 camara 3 - 19-587.mp4
hurto__02-13-22-48-25 camara 2 - 25-952.npy,hurto,val,1.089,(532, 241, 1020, 729),02-13-22-48-25 camara 2 - 25-952.mp4
normal__02-13-22-49-04 camara 0 - 04-105.npy,normal,train,1.058,(642, 109, 895, 362),02-13-22-49-04 camara 0 - 04-105.mp4
hurto__02-13-22-49-10 camara 0 - 10-380.npy,hurto,val,1.047,(637, 111, 888, 362),02-13-22-49-10 camara 0 - 10-380.mp4
hurto__02-13-22-49-16 camara 0 - 16-680.npy,hurto,train,1.074,(633, 100, 854, 321),02-13-22-49-16 camara 0 - 16-680.mp4
normal__02-13-22-49-17 camara 1 - 17-466.npy,normal,train,1.02,(765, 134, 991, 360),02-13-22-49-17 camara 1 - 17-466.mp4
normal__02-13-22-49-47 camara 3 - 47-913.npy,normal,val,1.064,(709, 85, 950, 326),02-13-22-49-47 camara 3 - 47-913.mp4
normal__02-13-22-52-19 camara 3 - 19-708.npy,normal,train,1.018,(439, 155, 729, 445),02-13-22-52-19 camara 3 - 19-708.mp4
hurto__02-13-22-52-20 camara 2 - 20-458.npy,hurto,train,1.024,(533, 120, 872, 459),02-13-22-52-20 camara 2 - 20-458.mp4
normal__02-13-22-52-26 camara 2 - 26-105.npy,normal,train,1.068,(521, 117, 869, 465),02-13-22-52-26 camara 2 - 26-105.mp4
normal__02-13-22-52-57 camara 0 - 57-910.npy,normal,train,1.064,(880, 163, 1169, 452),02-13-22-52-57 camara 0 - 57-910.mp4
normal__02-13-22-53-10 camara 3 - 10-792.npy,normal,train,1.015,(392, 171, 669, 448),02-13-22-53-10 camara 3 - 10-792.mp4
hurto__02-13-22-54-01 camara 2 - 01-309.npy,hurto,train,1.077,(555, 58, 817, 320),02-13-22-54-01 camara 2 - 01-309.mp4
normal__02-13-22-54-51 camara 2 - 51-844.npy,normal,train,1.026,(736, 35, 1017, 316),02-13-22-54-51 camara 2 - 51-844.mp4
hurto__02-13-22-55-17 camara 0 - 17-880.npy,hurto,train,1.038,(577, 134, 859, 416),02-13-22-55-17 camara 0 - 17-880.mp4
hurto__02-13-22-55-17 camara 2 - 17-147.npy,hurto,train,1.057,(913, 106, 1280, 473),02-13-22-55-17 camara 2 - 17-147.mp4
normal__02-13-22-55-18 camara 3 - 18-679.npy,normal,train,1.092,(712, 150, 1076, 514),02-13-22-55-18 camara 3 - 18-679.mp4
hurto__02-13-22-55-42 camara 3 - 42-391.npy,hurto,train,1.061,(335, 195, 683, 543),02-13-22-55-42 camara 3 - 42-391.mp4
hurto__02-13-22-55-48 camara 2 - 48-805.npy,hurto,train,1.029,(516, 176, 901, 561),02-13-22-55-48 camara 2 - 48-805.mp4
normal__02-13-22-55-49 camara 0 - 49-555.npy,normal,train,1.049,(862, 135, 1111, 384),02-13-22-55-49 camara 0 - 49-555.mp4
normal__02-13-22-55-50 camara 1 - 50-349.npy,normal,train,1.076,(946, 181, 1213, 448),02-13-22-55-50 camara 1 - 50-349.mp4
normal__02-13-22-55-51 camara 3 - 51-114.npy,normal,train,1.035,(358, 206, 695, 543),02-13-22-55-51 camara 3 - 51-114.mp4
hurto__02-13-22-56-20 camara 2 - 20-531.npy,hurto,train,1.067,(509, 256, 997, 744),02-13-22-56-20 camara 2 - 20-531.mp4
hurto__02-13-22-56-21 camara 1 - 21-310.npy,hurto,train,1.056,(972, 158, 1206, 392),02-13-22-56-21 camara 1 - 21-310.mp4
hurto__02-13-22-56-22 camara 3 - 22-101.npy,hurto,train,1.021,(292, 277, 691, 676),02-13-22-56-22 camara 3 - 22-101.mp4
normal__02-13-22-56-39 camara 1 - 39-830.npy,normal,val,1.083,(973, 147, 1215, 389),02-13-22-56-39 camara 1 - 39-830.mp4
hurto__02-13-22-56-40 camara 2 - 40-649.npy,hurto,train,1.082,(536, 287, 989, 740),02-13-22-56-40 camara 2 - 40-649.mp4
normal__02-13-22-57-11 camara 2 - 11-821.npy,normal,train,1.029,(598, 110, 919, 431),02-13-22-57-11 camara 2 - 11-821.mp4
hurto__02-13-22-57-12 camara 3 - 12-574.npy,hurto,train,1.008,(503, 155, 762, 414),02-13-22-57-12 camara 3 - 12-574.mp4
hurto__02-13-22-57-18 camara 0 - 18-337.npy,hurto,train,1.064,(821, 165, 1116, 460),02-13-22-57-18 camara 0 - 18-337.mp4
hurto__02-13-22-57-19 camara 1 - 19-161.npy,hurto,train,1.034,(856, 210, 1158, 512),02-13-22-57-19 camara 1 - 19-161.mp4
normal__02-13-22-57-31 camara 3 - 31-052.npy,normal,train,1.083,(447, 132, 764, 449),02-13-22-57-31 camara 3 - 31-052.mp4
normal__02-13-22-57-37 camara 0 - 37-365.npy,normal,train,1.025,(873, 177, 1155, 459),02-13-22-57-37 camara 0 - 37-365.mp4
normal__02-13-22-57-38 camara 1 - 38-939.npy,normal,train,1.043,(910, 205, 1223, 518),02-13-22-57-38 camara 1 - 38-939.mp4
normal__02-13-22-57-38 camara 2 - 38-143.npy,normal,train,1.077,(488, 104, 843, 459),02-13-22-57-38 camara 2 - 38-143.mp4
hurto__02-13-22-58-34 camara 1 - 34-930.npy,hurto,train,1.059,(890, 212, 1247, 569),02-13-22-58-34 camara 1 - 34-930.mp4
normal__02-13-22-58-41 camara 1 - 41-338.npy,normal,train,1.096,(829, 205, 1176, 552),02-13-22-58-41 camara 1 - 41-338.mp4
hurto__02-13-22-59-45 camara 2 - 45-152.npy,hurto,val,1.052,(530, 144, 891, 505),02-13-22-59-45 camara 2 - 45-152.mp4
normal__02-13-23-00-04 camara 1 - 04-307.npy,normal,val,1.008,(897, 204, 1195, 502),02-13-23-00-04 camara 1 - 04-307.mp4
hurto__02-13-23-00-48 camara 3 - 48-613.npy,hurto,train,1.016,(395, 181, 716, 502),02-13-23-00-48 camara 3 - 48-613.mp4
hurto__02-13-23-00-49 camara 2 - 49-371.npy,hurto,train,1.014,(531, 149, 899, 517),02-13-23-00-49 camara 2 - 49-371.mp4
hurto__02-13-23-00-55 camara 0 - 55-089.npy,hurto,val,1.092,(867, 142, 1142, 417),02-13-23-00-55 camara 0 - 55-089.mp4
hurto__02-13-23-01-07 camara 3 - 07-972.npy,hurto,train,1.06,(397, 174, 720, 497),02-13-23-01-07 camara 3 - 07-972.mp4
normal__02-13-23-01-14 camara 1 - 14-455.npy,normal,train,1.075,(935, 190, 1218, 473),02-13-23-01-14 camara 1 - 14-455.mp4
hurto__02-13-23-01-46 camara 2 - 46-319.npy,hurto,train,1.051,(540, 273, 1017, 750),02-13-23-01-46 camara 2 - 46-319.mp4
normal__02-13-23-01-47 camara 3 - 47-093.npy,normal,train,1.071,(254, 277, 677, 700),02-13-23-01-47 camara 3 - 47-093.mp4
normal__02-13-23-01-52 camara 1 - 52-728.npy,normal,train,1.041,(1002, 158, 1228, 384),02-13-23-01-52 camara 1 - 52-728.mp4
normal__02-13-23-01-59 camara 1 - 59-916.npy,normal,val,1.091,(1002, 140, 1246, 384),02-13-23-01-59 camara 1 - 59-916.mp4
normal__02-13-23-01-59 camara 3 - 59-077.npy,normal,train,1.025,(183, 308, 632, 757),02-13-23-01-59 camara 3 - 59-077.mp4
hurto__02-13-23-02-11 camara 1 - 11-886.npy,hurto,val,1.036,(985, 149, 1200, 364),02-13-23-02-11 camara 1 - 11-886.mp4
hurto__02-13-23-02-24 camara 3 - 24-575.npy,hurto,train,1.082,(264, 231, 677, 644),02-13-23-02-24 camara 3 - 24-575.mp4
normal__02-13-23-02-37 camara 2 - 37-482.npy,normal,val,1.037,(521, 232, 961, 672),02-13-23-02-37 camara 2 - 37-482.mp4
hurto__02-13-23-02-38 camara 1 - 38-257.npy,hurto,train,1.043,(968, 163, 1206, 401),02-13-23-02-38 camara 1 - 38-257.mp4
hurto__02-13-23-02-39 camara 3 - 39-075.npy,hurto,train,1.097,(279, 237, 687, 645),02-13-23-02-39 camara 3 - 39-075.mp4
normal__02-13-23-05-47 camara 3 - 47-356.npy,normal,train,1.043,(368, 186, 704, 522),02-13-23-05-47 camara 3 - 47-356.mp4
hurto__02-13-23-05-53 camara 1 - 53-690.npy,hurto,train,1.028,(943, 186, 1207, 450),02-13-23-05-53 camara 1 - 53-690.mp4
normal__02-13-23-05-54 camara 2 - 54-478.npy,normal,train,1.085,(513, 151, 920, 558),02-13-23-05-54 camara 2 - 54-478.mp4
normal__02-13-23-06-00 camara 3 - 00-154.npy,normal,train,1.068,(374, 183, 717, 526),02-13-23-06-00 camara 3 - 00-154.mp4
hurto__02-13-23-07-23 camara 3 - 23-620.npy,hurto,train,1.066,(701, 170, 1071, 540),02-13-23-07-23 camara 3 - 23-620.mp4
hurto__02-13-23-07-36 camara 3 - 36-598.npy,hurto,train,1.064,(548, 248, 1042, 742),02-13-23-07-36 camara 3 - 36-598.mp4
hurto__02-13-23-07-43 camara 0 - 43-921.npy,hurto,train,1.019,(666, 100, 892, 326),02-13-23-07-43 camara 0 - 43-921.mp4
hurto__02-13-23-07-43 camara 1 - 43-152.npy,hurto,train,1.035,(838, 134, 1042, 338),02-13-23-07-43 camara 1 - 43-152.mp4
normal__02-13-23-07-44 camara 2 - 44-675.npy,normal,train,1.022,(898, 245, 1381, 728),02-13-23-07-44 camara 2 - 44-675.mp4
hurto__02-13-23-07-45 camara 3 - 45-417.npy,hurto,train,1.028,(574, 257, 1047, 730),02-13-23-07-45 camara 3 - 45-417.mp4
hurto__02-13-23-08-08 camara 3 - 08-952.npy,hurto,train,1.064,(499, 270, 989, 760),02-13-23-08-08 camara 3 - 08-952.mp4
hurto__02-13-23-10-16 camara 3 - 16-419.npy,hurto,train,1.028,(515, 121, 764, 370),02-13-23-10-16 camara 3 - 16-419.mp4
hurto__02-13-23-10-17 camara 1 - 17-192.npy,hurto,train,1.01,(864, 251, 1206, 593),02-13-23-10-17 camara 1 - 17-192.mp4
normal__02-13-23-10-22 camara 1 - 22-939.npy,normal,train,1.028,(864, 260, 1195, 591),02-13-23-10-22 camara 1 - 22-939.mp4
normal__02-13-23-11-32 camara 2 - 32-552.npy,normal,train,1.1,(530, 88, 854, 412),02-13-23-11-32 camara 2 - 32-552.mp4
hurto__02-13-23-11-38 camara 1 - 38-901.npy,hurto,val,1.05,(883, 220, 1200, 537),02-13-23-11-38 camara 1 - 38-901.mp4
hurto__02-14-13-38-10 camara 3 - 10-785.npy,hurto,train,1.039,(735, 662, 1153, 1080),02-14-13-38-10 camara 3 - 10-785.mp4
normal__02-14-13-39-26 camara 3 - 26-178.npy,normal,train,1.092,(764, 606, 1147, 989),02-14-13-39-26 camara 3 - 26-178.mp4
hurto__02-14-13-40-35 camara 3 - 35-515.npy,hurto,train,1.09,(727, 659, 1148, 1080),02-14-13-40-35 camara 3 - 35-515.mp4
normal__02-14-13-41-25 camara 1 - 25-615.npy,normal,train,1.009,(662, 115, 1030, 483),02-14-13-41-25 camara 1 - 25-615.mp4
hurto__02-14-13-41-26 camara 0 - 26-406.npy,hurto,train,1.09,(577, 158, 920, 501),02-14-13-41-26 camara 0 - 26-406.mp4
hurto__02-14-13-43-00 camara 3 - 00-465.npy,hurto,val,1.086,(464, 137, 782, 455),02-14-13-43-00 camara 3 - 00-465.mp4
hurto__02-14-13-43-06 camara 3 - 06-948.npy,hurto,train,1.048,(495, 89, 849, 443),02-14-13-43-06 camara 3 - 06-948.mp4
hurto__02-14-13-43-44 camara 1 - 44-985.npy,hurto,train,1.018,(937, 165, 1169, 397),02-14-13-43-44 camara 1 - 44-985.mp4
hurto__02-14-13-43-51 camara 0 - 51-360.npy,hurto,train,1.026,(792, 113, 1022, 343),02-14-13-43-51 camara 0 - 51-360.mp4
normal__02-14-13-45-32 camara 2 - 32-630.npy,normal,train,1.001,(670, 325, 1206, 861),02-14-13-45-32 camara 2 - 32-630.mp4
hurto__02-14-13-45-38 camara 0 - 38-998.npy,hurto,train,1.006,(790, 95, 980, 285),02-14-13-45-38 camara 0 - 38-998.mp4
normal__02-14-13-45-39 camara 2 - 39-812.npy,normal,train,1.067,(732, 383, 1226, 877),02-14-13-45-39 camara 2 - 39-812.mp4
hurto__02-14-13-45-40 camara 1 - 40-574.npy,hurto,val,1.021,(946, 140, 1157, 351),02-14-13-45-40 camara 1 - 40-574.mp4
hurto__02-14-13-45-45 camara 1 - 45-471.npy,hurto,train,1.007,(951, 137, 1159, 345),02-14-13-45-45 camara 1 - 45-471.mp4
normal__02-14-13-45-51 camara 1 - 51-741.npy,normal,train,1.042,(971, 135, 1207, 371),02-14-13-45-51 camara 1 - 51-741.mp4
hurto__02-14-13-46-04 camara 2 - 04-391.npy,hurto,train,1.063,(539, 66, 897, 424),02-14-13-46-04 camara 2 - 04-391.mp4
normal__02-14-13-46-05 camara 3 - 05-163.npy,normal,train,1.027,(536, 110, 789, 363),02-14-13-46-05 camara 3 - 05-163.mp4
hurto__02-14-13-46-10 camara 2 - 10-691.npy,hurto,train,1.09,(572, 56, 873, 357),02-14-13-46-10 camara 2 - 10-691.mp4
normal__02-14-13-47-12 camara 0 - 12-939.npy,normal,train,1.01,(721, 107, 914, 300),02-14-13-47-12 camara 0 - 12-939.mp4
normal__02-14-13-48-28 camara 3 - 28-976.npy,normal,train,1.076,(408, 141, 783, 516),02-14-13-48-28 camara 3 - 28-976.mp4
hurto__02-14-13-49-01 camara 3 - 01-067.npy,hurto,val,1.068,(342, 203, 710, 571),02-14-13-49-01 camara 3 - 01-067.mp4
normal__02-14-13-49-07 camara 1 - 07-282.npy,normal,val,1.064,(929, 168, 1194, 433),02-14-13-49-07 camara 1 - 07-282.mp4
hurto__02-14-13-49-08 camara 3 - 08-106.npy,hurto,train,1.03,(368, 216, 717, 565),02-14-13-49-08 camara 3 - 08-106.mp4
hurto__02-14-13-49-26 camara 1 - 26-463.npy,hurto,train,1.032,(895, 102, 1112, 319),02-14-13-49-26 camara 1 - 26-463.mp4
normal__02-14-13-49-32 camara 0 - 32-764.npy,normal,train,1.017,(680, 61, 952, 333),02-14-13-49-32 camara 0 - 32-764.mp4
normal__02-14-14-00-52 camara 2 - 52-557.npy,normal,train,1.039,(520, 74, 881, 435),02-14-14-00-52 camara 2 - 52-557.mp4
hurto__02-14-14-01-50 camara 3 - 50-370.npy,hurto,val,1.07,(577, 278, 1076, 777),02-14-14-01-50 camara 3 - 50-370.mp4
hurto__02-14-14-06-25 camara 3 - 25-814.npy,hurto,train,1.013,(420, 169, 732, 481),02-14-14-06-25 camara 3 - 25-814.mp4
hurto__02-14-14-07-55 camara 2 - 55-897.npy,hurto,train,1.031,(615, 68, 974, 427),02-14-14-07-55 camara 2 - 55-897.mp4
hurto__02-14-14-10-28 camara 2 - 28-762.npy,hurto,train,1.047,(497, 235, 984, 722),02-14-14-10-28 camara 2 - 28-762.mp4
normal__02-14-14-10-35 camara 0 - 35-148.npy,normal,train,1.086,(785, 107, 1032, 354),02-14-14-10-35 camara 0 - 35-148.mp4
hurto__02-14-14-15-29 camara 0 - 29-004.npy,hurto,train,1.018,(559, 163, 978, 582),02-14-14-15-29 camara 0 - 29-004.mp4
hurto__02-14-14-17-24 camara 3 - 24-248.npy,hurto,train,1.05,(251, 212, 639, 600),02-14-14-17-24 camara 3 - 24-248.mp4
normal__02-14-14-17-43 camara 2 - 43-365.npy,normal,train,1.011,(634, 340, 1128, 834),02-14-14-17-43 camara 2 - 43-365.mp4
hurto__02-14-14-20-43 camara 1 - 43-295.npy,hurto,val,1.005,(982, 187, 1241, 446),02-14-14-20-43 camara 1 - 43-295.mp4
hurto__02-14-14-21-47 camara 3 - 47-388.npy,hurto,train,1.048,(477, 110, 789, 422),02-14-14-21-47 camara 3 - 47-388.mp4
hurto__02-14-14-21-48 camara 2 - 48-203.npy,hurto,train,1.051,(566, 72, 860, 366),02-14-14-21-48 camara 2 - 48-203.mp4
hurto__02-14-14-23-22 camara 2 - 22-652.npy,hurto,train,1.077,(374, 270, 1051, 947),02-14-14-23-22 camara 2 - 22-652.mp4
hurto__02-14-14-33-48 camara 1 - 48-091.npy,hurto,train,1.051,(956, 195, 1234, 473),02-14-14-33-48 camara 1 - 48-091.mp4
normal__02-14-14-34-07 camara 2 - 07-673.npy,normal,train,1.05,(645, 60, 930, 345),02-14-14-34-07 camara 2 - 07-673.mp4
normal__02-14-14-34-59 camara 2 - 59-864.npy,normal,val,1.054,(934, 204, 1438, 708),02-14-14-34-59 camara 2 - 59-864.mp4
hurto__02-14-14-39-10 camara 0 - 10-583.npy,hurto,val,1.042,(847, 108, 1081, 342),02-14-14-39-10 camara 0 - 10-583.mp4
hurto__02-14-14-44-41 camara 3 - 41-167.npy,hurto,train,1.095,(383, 139, 722, 478),02-14-14-44-41 camara 3 - 41-167.mp4
hurto__02-14-14-49-03 camara 0 - 03-911.npy,hurto,train,1.073,(912, 142, 1181, 411),02-14-14-49-03 camara 0 - 03-911.mp4
normal__02-14-14-52-25 camara 2 - 25-816.npy,normal,train,1.081,(484, 102, 925, 543),02-14-14-52-25 camara 2 - 25-816.mp4
normal__02-14-14-52-39 camara 3 - 39-391.npy,normal,val,1.024,(584, 111, 843, 370),02-14-14-52-39 camara 3 - 39-391.mp4
hurto__02-14-14-53-19 camara 1 - 19-758.npy,hurto,val,1.042,(938, 142, 1163, 367),02-14-14-53-19 camara 1 - 19-758.mp4
normal__02-14-14-53-20 camara 2 - 20-670.npy,normal,train,1.031,(557, 267, 1103, 813),02-14-14-53-20 camara 2 - 20-670.mp4
normal__02-14-14-58-51 camara 1 - 51-309.npy,normal,train,1.066,(867, 185, 1219, 537),02-14-14-58-51 camara 1 - 51-309.mp4
normal__02-14-14-59-37 camara 3 - 37-504.npy,normal,train,1.045,(559, 269, 1030, 740),02-14-14-59-37 camara 3 - 37-504.mp4
normal__02-14-15-00-52 camara 1 - 52-298.npy,normal,train,1.06,(837, 242, 1195, 600),02-14-15-00-52 camara 1 - 52-298.mp4
normal__02-14-15-05-11 camara 1 - 11-241.npy,normal,train,1.1,(951, 132, 1179, 360),02-14-15-05-11 camara 1 - 11-241.mp4
hurto__02-14-15-05-12 camara 0 - 12-159.npy,hurto,train,1.023,(819, 96, 1038, 315),02-14-15-05-12 camara 0 - 12-159.mp4
normal__02-14-15-05-24 camara 0 - 24-775.npy,normal,val,1.063,(785, 86, 993, 294),02-14-15-05-24 camara 0 - 24-775.mp4
hurto__02-14-15-05-25 camara 1 - 25-607.npy,hurto,val,1.024,(949, 136, 1151, 338),02-14-15-05-25 camara 1 - 25-607.mp4
hurto__02-14-15-09-02 camara 1 - 02-048.npy,hurto,train,1.034,(910, 120, 1095, 305),02-14-15-09-02 camara 1 - 02-048.mp4
hurto__02-14-15-10-23 camara 2 - 23-952.npy,hurto,train,1.003,(660, 394, 1190, 924),02-14-15-10-23 camara 2 - 23-952.mp4
normal__02-14-15-11-41 camara 1 - 41-253.npy,normal,train,1.061,(951, 142, 1190, 381),02-14-15-11-41 camara 1 - 41-253.mp4
hurto__02-14-15-13-59 camara 2 - 59-341.npy,hurto,train,1.099,(430, 213, 945, 728),02-14-15-13-59 camara 2 - 59-341.mp4
normal__02-14-15-15-14 camara 1 - 14-332.npy,normal,val,1.04,(950, 203, 1235, 488),02-14-15-15-14 camara 1 - 14-332.mp4
normal__02-14-15-16-43 camara 3 - 43-982.npy,normal,train,1.087,(583, 106, 859, 382),02-14-15-16-43 camara 3 - 43-982.mp4
hurto__02-14-15-20-06 camara 1 - 06-892.npy,hurto,train,1.004,(931, 144, 1173, 386),02-14-15-20-06 camara 1 - 06-892.mp4
normal__02-14-15-21-57 camara 3 - 57-578.npy,normal,train,1.04,(237, 273, 620, 656),02-14-15-21-57 camara 3 - 57-578.mp4
normal__02-14-15-21-58 camara 2 - 58-414.npy,normal,train,1.028,(453, 220, 946, 713),02-14-15-21-58 camara 2 - 58-414.mp4
hurto__02-14-15-22-18 camara 0 - 18-372.npy,hurto,train,1.076,(760, 87, 967, 294),02-14-15-22-18 camara 0 - 18-372.mp4
hurto__02-14-15-22-53 camara 3 - 53-016.npy,hurto,train,1.097,(464, 132, 792, 460),02-14-15-22-53 camara 3 - 53-016.mp4
normal__02-14-15-24-21 camara 2 - 21-974.npy,normal,val,1.025,(464, 186, 1035, 757),02-14-15-24-21 camara 2 - 21-974.mp4
normal__02-14-15-27-07 camara 1 - 07-359.npy,normal,train,1.091,(926, 152, 1211, 437),02-14-15-27-07 camara 1 - 07-359.mp4
normal__02-14-15-32-26 camara 0 - 26-325.npy,normal,train,1.098,(867, 131, 1117, 381),02-14-15-32-26 camara 0 - 26-325.mp4
normal__02-14-15-33-43 camara 1 - 43-028.npy,normal,train,1.071,(937, 133, 1177, 373),02-14-15-33-43 camara 1 - 43-028.mp4
hurto__02-14-15-34-10 camara 3 - 10-122.npy,hurto,train,1.087,(510, 121, 787, 398),02-14-15-34-10 camara 3 - 10-122.mp4
normal__02-14-15-35-25 camara 1 - 25-897.npy,normal,train,1.096,(921, 141, 1149, 369),02-14-15-35-25 camara 1 - 25-897.mp4
hurto__02-14-15-36-42 camara 0 - 42-697.npy,hurto,train,1.097,(787, 80, 1008, 301),02-14-15-36-42 camara 0 - 42-697.mp4
normal__02-14-15-36-43 camara 1 - 43-546.npy,normal,train,1.065,(952, 135, 1159, 342),02-14-15-36-43 camara 1 - 43-546.mp4
hurto__02-14-15-36-49 camara 0 - 49-765.npy,hurto,train,1.057,(791, 90, 998, 297),02-14-15-36-49 camara 0 - 49-765.mp4
normal__02-14-15-40-11 camara 3 - 11-168.npy,normal,val,1.08,(561, 98, 833, 370),02-14-15-40-11 camara 3 - 11-168.mp4
normal__02-14-15-40-18 camara 0 - 18-148.npy,normal,train,1.037,(807, 200, 1206, 599),02-14-15-40-18 camara 0 - 18-148.mp4
hurto__02-14-15-41-49 camara 2 - 49-329.npy,hurto,train,1.077,(425, 117, 916, 608),02-14-15-41-49 camara 2 - 49-329.mp4
normal__02-14-15-42-38 camara 0 - 38-596.npy,normal,train,1.097,(836, 154, 1249, 567),02-14-15-42-38 camara 0 - 38-596.mp4
normal__02-14-15-44-44 camara 1 - 44-322.npy,normal,val,1.084,(959, 136, 1175, 352),02-14-15-44-44 camara 1 - 44-322.mp4
hurto__02-14-15-44-45 camara 2 - 45-186.npy,hurto,train,1.077,(604, 339, 1138, 873),02-14-15-44-45 camara 2 - 45-186.mp4
